encoder,rep,dim,params,selected_lr,selected_seed,selected_uar,selected_uar_prior,best_lr_by_seed_mean,seed_mean_at_best_lr,seed_sd_at_best_lr,seed_min_at_best_lr,seed_max_at_best_lr,seed_mean_prior_at_best_lr,seed_mean_lr1e3,seed_mean_lr3e3
B16,R1_global,512,3591,0.003,2,0.5691927530789601,0.5780867031436774,0.003,0.5664373006312874,0.004704343718980493,0.5610053838368473,0.5691927530789601,0.5754895869829758,0.5209434345359076,0.5664373006312874
B16,R2_mean_raw,768,5383,0.003,1,0.6199590956272506,0.6286313452345146,0.003,0.6000164289816402,0.017736355434523426,0.5860082851113493,0.6199590956272506,0.6167402478307812,0.5875113845896022,0.6000164289816402
B16,R2_mean_normed,768,5383,0.003,2,0.5460800615599167,0.5637573490080922,0.003,0.5440821700704707,0.001760528912946583,0.5427579794170707,0.5460800615599167,0.5642359419784938,0.5062141245618798,0.5440821700704707
B16,R2_mean_of_normed,768,5383,0.003,2,0.536042565373231,0.5517542218510261,0.003,0.5341278115988173,0.001694511025125598,0.5328216423639329,0.536042565373231,0.550236372312075,0.4908632499597305,0.5341278115988173
B16,R4a_concat_raw,1280,8967,0.003,1,0.6283213556588443,0.6381686848136735,0.003,0.607694512513469,0.018063770134853163,0.5946978470314664,0.6283213556588443,0.6238409490570174,0.5965566758798797,0.607694512513469
B16,R4a_concat_normed,1280,8967,0.003,0,0.5931478811248745,0.6095596586969804,0.003,0.5902667841827368,0.0025106608301101773,0.5885471692117914,0.5931478811248745,0.6070933234656591,0.5482561208471465,0.5902667841827368
B16,R4a_concat_normtok,1280,8967,0.003,0,0.5888229082997674,0.6086285414895956,0.003,0.5862448671574186,0.003309048291570934,0.5825134955678163,0.5888229082997674,0.6055171816608959,0.5433410241995613,0.5862448671574186
B16,R3_attn_pool,,202504,0.001,1,0.6279759913472942,0.6423929612704331,0.001,0.6200010309661728,0.011636094128143244,0.6066487928103111,0.6279759913472942,0.63281624088372,0.6200010309661728,0.5989160690846168
B16,R3refit_frozen_attn,768,5383,0.003,1,0.6289264319654271,0.6320829705755543,0.003,0.6137104483625153,0.01711542638634093,0.5951803137935804,0.6289264319654271,0.6193521855359666,0.6078934333633318,0.6137104483625153
B16,R4b_attn_plus_global,,206088,0.001,2,0.6217393997886063,0.6392108494092847,0.001,0.61041612929078,0.01322636208458335,0.5958790045952337,0.6217393997886063,0.6247466239900271,0.61041612929078,0.5944894391662199
B16,R1_global_MLP,512,198919,0.001,1,0.6439285177424352,0.6442926486413617,0.003,0.6200727453359599,0.014579131854822807,0.6080115368032193,0.6362742159463354,0.6329126359782683,0.6187845061198859,0.6200727453359599
B16,R2_mean_raw_MLP,768,264455,0.003,1,0.642391046164933,0.6531119826421482,0.003,0.6280575769428913,0.013041130912777133,0.6168927377147077,0.642391046164933,0.6367438651837642,0.61825683357631,0.6280575769428913
B16,R4a_concat_raw_MLP,1280,395527,0.001,1,0.6414066622658802,0.6493600051606696,0.001,0.6278449785839171,0.012298413123654445,0.6174156415541134,0.6414066622658802,0.6374296633169405,0.6278449785839171,0.6267231257754506
B16,R3_attn_pool_MLP,768,264455,0.003,2,0.6344335282364132,0.6446555910270881,0.001,0.6315295764927417,0.0009990931655742528,0.630602125326454,0.6325874930419149,0.6343833184032825,0.6315295764927417,0.6297389582840425
L14,R1_global,768,5383,0.003,2,0.6226642272108978,0.6309401611055907,0.003,0.6171582612339447,0.007565541736641456,0.6085315506586336,0.6226642272108978,0.6296463710595362,0.5505682172906258,0.6171582612339447
L14,R2_mean_raw,1024,7175,0.003,1,0.6633363644145899,0.6686768233959615,0.003,0.6512742184099002,0.01066265559961873,0.6431052259148611,0.6633363644145899,0.6601955705022128,0.6358346202255789,0.6512742184099002
L14,R2_mean_normed,1024,7175,0.003,0,0.5883991279624715,0.6176670133982142,0.003,0.5854168646760801,0.002893432246972872,0.5826213061718439,0.5883991279624715,0.6112795932464635,0.54798610908697,0.5854168646760801
L14,R2_mean_of_normed,1024,7175,0.003,2,0.5732372602572516,0.5894738101446156,0.003,0.5713717040039538,0.0018928248218720183,0.5694527409526428,0.5732372602572516,0.5891065541998044,0.5332862123886359,0.5713717040039538
L14,R4a_concat_raw,1792,12551,0.003,1,0.6656484556422743,0.6735988026504351,0.003,0.6561872882086425,0.008228099112493817,0.6507041434646591,0.6656484556422743,0.6649683510996789,0.6425001530280863,0.6561872882086425
L14,R4a_concat_normed,1792,12551,0.003,0,0.6417382057268488,0.6623289381442811,0.003,0.6380227827966962,0.003655262092611105,0.6344308091532709,0.6417382057268488,0.6561796029731708,0.5897558671105455,0.6380227827966962
L14,R4a_concat_normtok,1792,12551,0.003,0,0.6390939398967188,0.656117061659926,0.003,0.6375801021823461,0.0017698908726044157,0.6356341773403827,0.6390939398967188,0.6526064147387992,0.5826691077260778,0.6375801021823461
L14,R3_attn_pool,,269832,0.001,1,0.6860799636926718,0.6899332475014262,0.001,0.6724306408649051,0.013425380312758903,0.6592410107708341,0.6860799636926718,0.6785275258693356,0.6724306408649051,0.6541986079028993
L14,R3refit_frozen_attn,1024,7175,0.001,0,0.6719492432286922,0.6800345854029961,0.001,0.6665056608324204,0.004947399518416996,0.6622830964948386,0.6719492432286922,0.6729885048080213,0.6665056608324204,0.6608495994464175
L14,R4b_attn_plus_global,,275208,0.001,1,0.689463596063311,0.6909868419040625,0.001,0.6677969126010986,0.01881433801168391,0.655586822661672,0.689463596063311,0.6751487464210544,0.6677969126010986,0.6523038387811414
L14,R1_global_MLP,768,264455,0.001,1,0.6902610990253857,0.6891836118044116,0.001,0.6713820097416751,0.02075904818023314,0.6491509416482326,0.6902610990253857,0.6751157072794473,0.6713820097416751,0.6610362121461049
L14,R2_mean_raw_MLP,1024,329991,0.001,0,0.6751444877460767,0.6791265418355522,0.001,0.6656078736663531,0.011381181309051493,0.6530087919578959,0.6751444877460767,0.6741426418879536,0.6656078736663531,0.643207208853879
L14,R4a_concat_raw_MLP,1792,526599,0.003,1,0.6871973359518965,0.691215729232633,0.001,0.6667585942799796,0.012607025170218384,0.6547268007268005,0.6798712538088935,0.6769980761237037,0.6667585942799796,0.6617259418690363
L14,R3_attn_pool_MLP,1024,329991,0.001,2,0.6685911490263372,0.6725317891248562,0.001,0.6638636289701786,0.004558155018420992,0.6594961991187701,0.6685911490263372,0.668248215832441,0.6638636289701786,0.6569606179169756
