encoder,rep,kind,selected_lr,selected_seed,uar,uar_prior,recall_c0,recall_c1,recall_c2,recall_c3,recall_c4,recall_c5,recall_c6,recall_prior_c0,recall_prior_c1,recall_prior_c2,recall_prior_c3,recall_prior_c4,recall_prior_c5,recall_prior_c6
B16,R1_global,frozen,0.003,2,0.5691927530789601,0.5780867031436774,0.6320400500625782,0.09195402298850575,0.2967032967032967,0.9369369369369369,0.5973084886128365,0.7476340694006309,0.6817724068479355,0.6307884856070087,0.14942528735632185,0.32112332112332115,0.9279279279279279,0.5859213250517599,0.7476340694006309,0.6837865055387714
B16,R2_mean_raw,frozen,0.003,1,0.6199590956272506,0.6286313452345146,0.5556946182728411,0.39080459770114945,0.3894993894993895,0.8766458766458767,0.6076604554865425,0.8517350157728707,0.6676737160120846,0.5594493116395495,0.45977011494252873,0.4017094017094017,0.8683298683298684,0.5942028985507246,0.8533123028391167,0.6636455186304129
B16,R2_mean_normed,frozen,0.003,2,0.5460800615599167,0.5637573490080922,0.5894868585732165,0.011494252873563218,0.34065934065934067,0.893970893970894,0.582815734989648,0.7334384858044164,0.6706948640483383,0.5932415519399249,0.12643678160919541,0.35653235653235654,0.8877338877338877,0.5683229813664596,0.7413249211356467,0.6727089627391742
B16,R2_mean_of_normed,frozen,0.003,2,0.536042565373231,0.5517542218510261,0.5757196495619524,0.0,0.3028083028083028,0.8953568953568953,0.5714285714285714,0.7413249211356467,0.6656596173212488,0.5894868585732165,0.09195402298850575,0.3333333333333333,0.8842688842688843,0.5590062111801242,0.7476340694006309,0.6565961732124874
B16,R4a_concat_raw,frozen,0.003,1,0.6283213556588443,0.6381686848136735,0.5669586983729662,0.3793103448275862,0.4004884004884005,0.8808038808038808,0.6304347826086957,0.8564668769716088,0.6837865055387714,0.5707133917396746,0.45977011494252873,0.41025641025641024,0.8752598752598753,0.6118012422360248,0.8596214511041009,0.6797583081570997
B16,R4a_concat_normed,frozen,0.003,0,0.5931478811248745,0.6095596586969804,0.609511889862328,0.1724137931034483,0.36996336996337,0.9099099099099099,0.5952380952380952,0.750788643533123,0.7442094662638469,0.6120150187734669,0.27586206896551724,0.38217338217338215,0.9022869022869023,0.5921325051759835,0.7602523659305994,0.7421953675730111
B16,R4a_concat_normtok,frozen,0.003,0,0.5888229082997674,0.6086285414895956,0.60450563204005,0.13793103448275862,0.3614163614163614,0.911988911988912,0.6066252587991718,0.7570977917981072,0.7421953675730111,0.6070087609511889,0.27586206896551724,0.3772893772893773,0.9022869022869023,0.5952380952380952,0.7665615141955836,0.7361530715005036
B16,R3_attn_pool,R3,0.001,1,0.6279759913472942,0.6423929612704331,0.6157697121401752,0.41379310344827586,0.47619047619047616,0.9154539154539154,0.6159420289855072,0.7302839116719243,0.6283987915407855,0.6132665832290363,0.5172413793103449,0.47496947496947495,0.9099099099099099,0.6107660455486542,0.7381703470031545,0.6324269889224572
B16,R3refit_frozen_attn,refit,0.003,1,0.6289264319654271,0.6320829705755543,0.5531914893617021,0.4827586206896552,0.442002442002442,0.8711018711018711,0.5745341614906833,0.8343848580441641,0.6445115810674723,0.55819774718398,0.5057471264367817,0.4432234432234432,0.8676368676368676,0.567287784679089,0.8359621451104101,0.6465256797583081
B16,R4b_attn_plus_global,R4b,0.001,2,0.6217393997886063,0.6392108494092847,0.5506883604505632,0.39080459770114945,0.590964590964591,0.8773388773388774,0.587991718426501,0.7239747634069401,0.6304128902316214,0.5644555694618273,0.5057471264367817,0.5763125763125763,0.8731808731808732,0.5848861283643892,0.7334384858044164,0.6364551863041289
