encoder,rep,kind,dim,lr,seed,steps,params,seconds,peak_vram_GB,uar,uar_prior
B16,R1_global,frozen,512,0.001,0,,3591,1.6,,0.5216663368271771,0.5302733629373552
B16,R1_global,frozen,512,0.001,1,,3591,1.0,,0.5191344982549746,0.527996149678261
B16,R1_global,frozen,512,0.001,2,,3591,1.1,,0.522029468525571,0.5316862733230359
B16,R1_global,frozen,512,0.003,0,,3591,0.9,,0.5691137649780547,0.5766720955884032
B16,R1_global,frozen,512,0.003,1,,3591,0.9,,0.5610053838368473,0.5717099622168469
B16,R1_global,frozen,512,0.003,2,,3591,1.0,,0.5691927530789601,0.5780867031436774
B16,R2_mean_raw,frozen,768,0.001,0,,5383,1.1,,0.583856759039007,0.6066165791718543
B16,R2_mean_raw,frozen,768,0.001,1,,5383,1.1,,0.5902471255366246,0.6135348845123011
B16,R2_mean_raw,frozen,768,0.001,2,,5383,1.1,,0.5884302691931749,0.6112392379728695
B16,R2_mean_raw,frozen,768,0.003,0,,5383,1.1,,0.5940819062063206,0.6118505031334329
B16,R2_mean_raw,frozen,768,0.003,1,,5383,1.1,,0.6199590956272506,0.6286313452345146
B16,R2_mean_raw,frozen,768,0.003,2,,5383,1.1,,0.5860082851113493,0.6097388951243963
B16,R2_mean_normed,frozen,768,0.001,0,,5383,1.1,,0.5050195286750555,0.5141205136120746
B16,R2_mean_normed,frozen,768,0.001,1,,5383,1.1,,0.5056841934432258,0.5131315040534682
B16,R2_mean_normed,frozen,768,0.001,2,,5383,1.1,,0.5079386515673577,0.5147165120221808
B16,R2_mean_normed,frozen,768,0.003,0,,5383,1.1,,0.5427579794170707,0.5679363921505811
B16,R2_mean_normed,frozen,768,0.003,1,,5383,1.1,,0.5434084692344248,0.561014084776808
B16,R2_mean_normed,frozen,768,0.003,2,,5383,1.1,,0.5460800615599167,0.5637573490080922
B16,R2_mean_of_normed,frozen,768,0.001,0,,5383,1.1,,0.49219867841477577,0.5029304355444013
B16,R2_mean_of_normed,frozen,768,0.001,1,,5383,1.1,,0.49018814770788416,0.5029498313145245
B16,R2_mean_of_normed,frozen,768,0.001,2,,5383,1.1,,0.4902029237565316,0.5065580929950829
B16,R2_mean_of_normed,frozen,768,0.003,0,,5383,1.1,,0.5335192270592878,0.5527473200769584
B16,R2_mean_of_normed,frozen,768,0.003,1,,5383,1.1,,0.5328216423639329,0.5462075750082407
B16,R2_mean_of_normed,frozen,768,0.003,2,,5383,1.1,,0.536042565373231,0.5517542218510261
B16,R4a_concat_raw,frozen,1280,0.001,0,,8967,1.2,,0.5943371349389196,0.6072919971753737
B16,R4a_concat_raw,frozen,1280,0.001,1,,8967,1.3,,0.5970852527417229,0.6147124578101896
B16,R4a_concat_raw,frozen,1280,0.001,2,,8967,1.2,,0.5982476399589967,0.6162827212754767
B16,R4a_concat_raw,frozen,1280,0.003,0,,8967,1.2,,0.6000643348500961,0.618181901504056
B16,R4a_concat_raw,frozen,1280,0.003,1,,8967,1.2,,0.6283213556588443,0.6381686848136735
B16,R4a_concat_raw,frozen,1280,0.003,2,,8967,1.2,,0.5946978470314664,0.6151722608533224
B16,R4a_concat_normed,frozen,1280,0.001,0,,8967,1.2,,0.5493261861739341,0.5693999260845795
B16,R4a_concat_normed,frozen,1280,0.001,1,,8967,1.2,,0.5462277593786694,0.56440584032595
B16,R4a_concat_normed,frozen,1280,0.001,2,,8967,1.2,,0.5492144169888361,0.5686005453805543
B16,R4a_concat_normed,frozen,1280,0.003,0,,8967,1.2,,0.5931478811248745,0.6095596586969804
B16,R4a_concat_normed,frozen,1280,0.003,1,,8967,1.2,,0.5891053022115447,0.604094019140341
B16,R4a_concat_normed,frozen,1280,0.003,2,,8967,1.2,,0.5885471692117914,0.6076262925596562
B16,R4a_concat_normtok,frozen,1280,0.001,0,,8967,1.2,,0.5423267602577709,0.5601197963406033
B16,R4a_concat_normtok,frozen,1280,0.001,1,,8967,1.2,,0.5419255319669417,0.5590342536095708
B16,R4a_concat_normtok,frozen,1280,0.001,2,,8967,1.2,,0.5457707803739714,0.559744175860755
B16,R4a_concat_normtok,frozen,1280,0.003,0,,8967,1.2,,0.5888229082997674,0.6086285414895956
B16,R4a_concat_normtok,frozen,1280,0.003,1,,8967,1.2,,0.5825134955678163,0.5989909157247386
B16,R4a_concat_normtok,frozen,1280,0.003,2,,8967,1.2,,0.5873981976046725,0.6089320877683532
B16,R3_attn_pool,R3,,0.001,0,1440,202504,29.9,0.44,0.6066487928103111,0.6163880471469685
B16,R3_attn_pool,R3,,0.003,0,1440,202504,20.9,0.44,0.5989160690846168,0.6213967442985846
B16,R3_attn_pool,R3,,0.001,1,1440,202504,17.5,0.44,0.6279759913472942,0.6423929612704331
B16,R3_attn_pool,R3,,0.001,2,1440,202504,18.6,0.44,0.625378308740913,0.6396677142337583
B16,R3refit_frozen_attn,frozen,768,0.001,0,,5383,1.1,,0.6075370184908017,0.6136147798009183
B16,R3refit_frozen_attn,frozen,768,0.001,1,,5383,1.0,,0.612005221954375,0.6182027102161326
B16,R3refit_frozen_attn,frozen,768,0.001,2,,5383,1.1,,0.6041380596448186,0.615628936028226
B16,R3refit_frozen_attn,frozen,768,0.003,0,,5383,1.1,,0.5951803137935804,0.6005977606412914
B16,R3refit_frozen_attn,frozen,768,0.003,1,,5383,1.1,,0.6289264319654271,0.6320829705755543
B16,R3refit_frozen_attn,frozen,768,0.003,2,,5383,1.1,,0.6170245993285387,0.6253758253910539
B16,R4b_attn_plus_global,R4b,,0.001,0,1440,206088,19.6,0.44,0.6136299834885001,0.6331518292756638
B16,R4b_attn_plus_global,R4b,,0.003,0,1440,206088,19.8,0.44,0.5944894391662199,0.606182993155186
B16,R4b_attn_plus_global,R4b,,0.001,1,1440,206088,21.3,0.44,0.5958790045952337,0.6018771932851327
B16,R4b_attn_plus_global,R4b,,0.001,2,1440,206088,20.3,0.44,0.6217393997886063,0.6392108494092847
