encoder,rep,kind,lr,seed,params,seconds,uar,uar_prior
B16,R1_global,mlp,0.001,0,198919,1.7,0.6115078888699311,0.6285982848919361
B16,R1_global,mlp,0.001,1,198919,1.4,0.6439285177424352,0.6442926486413617
B16,R1_global,mlp,0.001,2,198919,1.4,0.6009171117472915,0.6141289117861694
B16,R1_global,mlp,0.003,0,198919,1.4,0.6080115368032193,0.6293911455127563
B16,R1_global,mlp,0.003,1,198919,1.4,0.6362742159463354,0.6481522853762444
B16,R1_global,mlp,0.003,2,198919,1.4,0.6159324832583248,0.6211944770458043
B16,R2_mean_raw,mlp,0.001,0,264455,1.5,0.612595717589475,0.6227319708529878
B16,R2_mean_raw,mlp,0.001,1,264455,1.4,0.6318103637978335,0.6363911118931408
B16,R2_mean_raw,mlp,0.001,2,264455,1.5,0.6103644193416214,0.6216691819182946
B16,R2_mean_raw,mlp,0.003,0,264455,1.8,0.6248889469490333,0.6328713132930657
B16,R2_mean_raw,mlp,0.003,1,264455,1.7,0.642391046164933,0.6531119826421482
B16,R2_mean_raw,mlp,0.003,2,264455,1.5,0.6168927377147077,0.6242482996160789
B16,R4a_concat_raw,mlp,0.001,0,395527,1.5,0.6247126319317576,0.6326267326367552
B16,R4a_concat_raw,mlp,0.001,1,395527,1.4,0.6414066622658802,0.6493600051606696
B16,R4a_concat_raw,mlp,0.001,2,395527,1.4,0.6174156415541134,0.6303022521533966
B16,R4a_concat_raw,mlp,0.003,0,395527,1.5,0.6258118406519456,0.6302497016639247
B16,R4a_concat_raw,mlp,0.003,1,395527,1.4,0.6159989850960026,0.6245914529941083
B16,R4a_concat_raw,mlp,0.003,2,395527,1.5,0.6383585515784036,0.6468848436837495
B16,R3_attn_pool,mlp,0.001,0,264455,1.4,0.6313991111098561,0.6342236276536223
B16,R3_attn_pool,mlp,0.001,1,264455,1.4,0.630602125326454,0.6310286359358919
B16,R3_attn_pool,mlp,0.001,2,264455,1.4,0.6325874930419149,0.6378976916203335
B16,R3_attn_pool,mlp,0.003,0,264455,1.4,0.6218980110129765,0.6277716472991998
B16,R3_attn_pool,mlp,0.003,1,264455,1.4,0.6328853356027379,0.6352111673313136
B16,R3_attn_pool,mlp,0.003,2,264455,1.4,0.6344335282364132,0.6446555910270881
