condition,n,TAP,GHead,CLIPAdapter,memory,pfb|0,best_family|0,pfb|1,best_family|1,pfb|2,best_family|2,pfb|3,best_family|3,pfb|4,best_family|4,best_family_mean5,pfb_mean5
blur_0p8,7178,0.5886463617240061,0.551095765868183,0.5509621017551597,0.5005162003831922,0.5543179667980772,0.5494864759069216,0.5548451016391124,0.5493591170626082,0.5539413980411705,0.5487219248160402,0.5537159071392562,0.5493061086403034,0.5540476770775256,0.5490590738175356,0.5491865400486817,0.5541736101390283
blur_1p5,7178,0.3836639501627502,0.33791802729310055,0.32753022925066116,0.16475641693211523,0.37370509414991765,0.3246417605858051,0.37344377571134346,0.32534840537325876,0.37514615329579365,0.3248051676416971,0.37537451915881176,0.32565546210276847,0.37313010686916603,0.3261630063649064,0.32532276041368713,0.3741599298370065
blur_2p5,7178,0.1980653827856196,0.20629674025551012,0.19261373699734538,0.14430529740920986,0.20143451947608432,0.18791227173771644,0.20317929490981007,0.18767250124158372,0.20388803426732752,0.18999404200114198,0.20727402315393184,0.18980321916978768,0.20089212516428723,0.1881863953834073,0.18871368590672744,0.2033335993942882
jpeg_15,7178,0.40568503060782246,0.41948528064316143,0.4129320454400539,0.3027612488521267,0.40082880961658734,0.36525652731232194,0.4044181014874032,0.3650686732907081,0.40434853564623285,0.36500578653816224,0.4033512505042478,0.36544073735584715,0.40452284445750214,0.3648736130439136,0.36512906750819063,0.4034939083423946
jpeg_30,7178,0.49817886739464184,0.49708264396872853,0.49957970341200025,0.4255460299897927,0.4814170756884579,0.4642376195934594,0.4817870022347272,0.4637635669829274,0.48084305521411,0.46344991037978656,0.4830936153240931,0.465511496586336,0.48357802625219354,0.4657515291477538,0.4645428245380526,0.4821437549427163
jpeg_50,7178,0.5482193610140034,0.5442345703135067,0.5452315057555832,0.5014186853544148,0.5240911602643441,0.5180176476317265,0.5228394687026824,0.5184063605697611,0.5235232577488085,0.518891463521566,0.5236532464711686,0.5196933873501679,0.526306978524053,0.5196234149895476,0.518926454812554,0.5240828223422114
lowlight_0p3,7178,0.6190187250682616,0.5739385550969595,0.5831625924364127,0.6094035391379174,0.5845232315231285,0.6159069415801243,0.582521739779314,0.6152825434440377,0.5837369178334811,0.6167544973347657,0.5837979832519695,0.6155047761086151,0.5844973508790285,0.6155559734158798,0.6158009463766845,0.5838154446533844
lowlight_0p5,7178,0.6278656085282285,0.5902977432735695,0.5941596590184935,0.6327628820313917,0.5880698526526074,0.6234715386908667,0.5899994072110261,0.6248518037099675,0.587801864997903,0.623068780474094,0.5906571937153379,0.6244183714803955,0.590859537665182,0.6244318264084768,0.62404846415276,0.5894775712484112
lowlight_0p7,7178,0.6322868900238598,0.598023280508955,0.6083749080197275,0.6436840151845453,0.5953161570847038,0.6290463655461708,0.593173190196791,0.6272239972057925,0.5930652294105527,0.6291811898298271,0.5932357799160913,0.6295734675769786,0.5942320361682266,0.6292011018505279,0.6288452244018593,0.5938044785552731
noise_10,7178,0.5289089955018532,0.48159699296034714,0.5032532342964438,0.4219518394156165,0.48665677341392505,0.4665799986360872,0.48676382928042194,0.4679333533487119,0.4848004354546326,0.4665722739240047,0.4846179654528765,0.46497387510488225,0.4885770301023077,0.4677984079976358,0.4667715818022643,0.4862832067408327
noise_25,7178,0.37931862908785535,0.36045519852222857,0.37832636775593054,0.28920497782857574,0.39208668908151967,0.3408950302400666,0.3898512481596841,0.3407082804857139,0.3885236860821663,0.3390059648863137,0.390749369226896,0.33997110412630194,0.3895506204210632,0.33978808522202353,0.3400736929920839,0.39015232259426585
noise_40,7178,0.27842126662093364,0.26675763842349515,0.27445984921741323,0.21738223889867792,0.2917803740662285,0.24765109566376273,0.28865656198882833,0.24580170485369537,0.29184385077688635,0.2472114353024804,0.29360130755141073,0.24750455947677122,0.2911011270798314,0.2465682958581589,0.24694741823097371,0.29139664429263706
