cell,n,stored_single_view_TAP,mirror_two_view_TAP,mirror_minus_stored,CLIPAdapter,GHead
ckplus_prior|0|0,902,0.6678756931645141,0.6302,-0.0377,0.6116,0.5947
ckplus_prior|0|1,902,0.6678756931645141,0.6302,-0.0377,0.6116,0.5947
ckplus_prior|0|2,902,0.6678756931645141,0.6302,-0.0377,0.6116,0.5947
ckplus_prior|0|3,902,0.6678756931645141,0.6302,-0.0377,0.6116,0.5947
ckplus_prior|0|4,902,0.6678756931645141,0.6302,-0.0377,0.6116,0.5947
ckplus_prior|10|0,400,0.6628571428571428,0.6309,-0.0320,0.6154,0.5920
ckplus_prior|10|1,400,0.6674285714285714,0.6029,-0.0646,0.5903,0.5954
ckplus_prior|10|2,400,0.648,0.6291,-0.0189,0.6160,0.5857
ckplus_prior|10|3,400,0.6702857142857143,0.6326,-0.0377,0.6137,0.5891
ckplus_prior|10|4,400,0.6594285714285715,0.6200,-0.0394,0.6074,0.5891
ckplus_prior|1|0,175,0.6685714285714285,0.6343,-0.0343,0.6171,0.5886
ckplus_prior|1|1,175,0.6571428571428571,0.6057,-0.0514,0.6000,0.6000
ckplus_prior|1|2,175,0.6571428571428573,0.6286,-0.0286,0.6229,0.5886
ckplus_prior|1|3,175,0.6742857142857143,0.6343,-0.0400,0.6114,0.5886
ckplus_prior|1|4,175,0.6685714285714287,0.6229,-0.0457,0.6000,0.5829
ckplus_prior|2|0,200,0.6714285714285715,0.6400,-0.0314,0.6229,0.5943
ckplus_prior|2|1,200,0.6628571428571428,0.6086,-0.0543,0.5943,0.5971
ckplus_prior|2|2,200,0.6428571428571429,0.6314,-0.0114,0.6229,0.5886
ckplus_prior|2|3,200,0.6714285714285715,0.6343,-0.0371,0.6143,0.5914
ckplus_prior|2|4,200,0.6685714285714287,0.6257,-0.0429,0.6143,0.5943
ckplus_prior|5|0,275,0.6617142857142857,0.6309,-0.0309,0.6149,0.5920
ckplus_prior|5|1,275,0.6708571428571428,0.6046,-0.0663,0.5920,0.5954
ckplus_prior|5|2,275,0.648,0.6320,-0.0160,0.6160,0.5863
ckplus_prior|5|3,275,0.6742857142857143,0.6309,-0.0434,0.6126,0.5863
ckplus_prior|5|4,275,0.6582857142857144,0.6229,-0.0354,0.6080,0.5920
ckplus_test|0,902,0.6678756931645141,0.6302,-0.0377,0.6116,0.5947
ckplus_test|1,902,0.6678756931645141,0.6302,-0.0377,0.6116,0.5947
ckplus_test|2,902,0.6678756931645141,0.6302,-0.0377,0.6116,0.5947
ckplus_test|3,902,0.6678756931645141,0.6302,-0.0377,0.6116,0.5947
ckplus_test|4,902,0.6678756931645141,0.6302,-0.0377,0.6116,0.5947
fer2013_test|0,7178,0.6322587306593955,0.6177,-0.0145,0.6163,0.6083
fer2013_test|1,7178,0.6322587306593955,0.6177,-0.0145,0.6163,0.6083
fer2013_test|2,7178,0.6322587306593955,0.6177,-0.0145,0.6163,0.6083
fer2013_test|3,7178,0.6322587306593955,0.6177,-0.0145,0.6163,0.6083
fer2013_test|4,7178,0.6322587306593955,0.6177,-0.0145,0.6163,0.6083
kdef_prior|0|0,2938,0.6927126459175555,0.6103,-0.0825,0.6685,0.6399
kdef_prior|0|1,2938,0.6927126459175555,0.6103,-0.0825,0.6685,0.6399
kdef_prior|0|2,2938,0.6927126459175555,0.6103,-0.0825,0.6685,0.6399
kdef_prior|0|3,2938,0.6927126459175555,0.6103,-0.0825,0.6685,0.6399
kdef_prior|0|4,2938,0.6927126459175555,0.6103,-0.0825,0.6685,0.6399
kdef_prior|10|0,2934,0.6921703765038235,0.6103,-0.0819,0.6690,0.6403
kdef_prior|10|1,2934,0.692852272173786,0.6100,-0.0829,0.6683,0.6400
kdef_prior|10|2,2934,0.692852272173786,0.6103,-0.0825,0.6686,0.6400
kdef_prior|10|3,2934,0.6925113243388049,0.6103,-0.0822,0.6686,0.6400
kdef_prior|10|4,2934,0.6925113243388049,0.6106,-0.0819,0.6690,0.6400
kdef_prior|1|0,2933,0.6921241050119332,0.6103,-0.0818,0.6689,0.6403
kdef_prior|1|1,2933,0.6928060006818957,0.6100,-0.0829,0.6683,0.6400
kdef_prior|1|2,2933,0.6928060006818957,0.6103,-0.0825,0.6686,0.6400
kdef_prior|1|3,2933,0.6924650528469145,0.6103,-0.0822,0.6686,0.6400
kdef_prior|1|4,2933,0.6924650528469145,0.6106,-0.0818,0.6689,0.6400
kdef_prior|2|0,2934,0.6921703765038235,0.6103,-0.0819,0.6690,0.6403
kdef_prior|2|1,2934,0.692852272173786,0.6100,-0.0829,0.6683,0.6400
kdef_prior|2|2,2934,0.692852272173786,0.6103,-0.0825,0.6686,0.6400
kdef_prior|2|3,2934,0.6925113243388049,0.6103,-0.0822,0.6686,0.6400
kdef_prior|2|4,2934,0.6925113243388049,0.6106,-0.0819,0.6690,0.6400
kdef_prior|5|0,2934,0.6921703765038235,0.6103,-0.0819,0.6690,0.6403
kdef_prior|5|1,2934,0.692852272173786,0.6100,-0.0829,0.6683,0.6400
kdef_prior|5|2,2934,0.692852272173786,0.6103,-0.0825,0.6686,0.6400
kdef_prior|5|3,2934,0.6925113243388049,0.6103,-0.0822,0.6686,0.6400
kdef_prior|5|4,2934,0.6925113243388049,0.6106,-0.0819,0.6690,0.6400
kdef_source_test|0,441,0.7165532879818594,0.6553,-0.0612,0.6848,0.6576
kdef_source_test|1,441,0.7165532879818594,0.6553,-0.0612,0.6848,0.6576
kdef_source_test|2,441,0.7165532879818594,0.6553,-0.0612,0.6848,0.6576
kdef_source_test|3,441,0.7165532879818594,0.6553,-0.0612,0.6848,0.6576
kdef_source_test|4,441,0.7165532879818594,0.6553,-0.0612,0.6848,0.6576
