cell,n,pfb,memory,best_family,TAP,CLIPAdapter,LinearProbe,APEtext,TipAdapterF
ckplus_test|0,902,0.525314696772808,0.49141519056615585,0.525314696772808,0.6678756931645141,0.611564331916693,0.5786974597636857,0.5667870004871498,0.575870303190082
ckplus_test|1,902,0.5175605005051853,0.49141519056615585,0.5175605005051853,0.6678756931645141,0.611564331916693,0.5786974597636857,0.5667870004871498,0.575870303190082
ckplus_test|2,902,0.5247713193602113,0.49141519056615585,0.5247713193602113,0.6678756931645141,0.611564331916693,0.5786974597636857,0.5667870004871498,0.575870303190082
ckplus_test|3,902,0.5194634754920789,0.49141519056615585,0.5194634754920789,0.6678756931645141,0.611564331916693,0.5786974597636857,0.5667870004871498,0.575870303190082
ckplus_test|4,902,0.5304638031661729,0.49141519056615585,0.5304638031661729,0.6678756931645141,0.611564331916693,0.5786974597636857,0.5667870004871498,0.575870303190082
fer2013_test|0,7178,0.4379843722801694,0.40981597980527074,0.4379843722801694,0.6322587306593955,0.6162561034101446,0.5555643105150543,0.5932463701812233,0.5854394371144205
fer2013_test|1,7178,0.4387488093199511,0.40981597980527074,0.4387488093199511,0.6322587306593955,0.6162561034101446,0.5555643105150543,0.5932463701812233,0.5854394371144205
fer2013_test|2,7178,0.4379473322705107,0.40981597980527074,0.4379473322705107,0.6322587306593955,0.6162561034101446,0.5555643105150543,0.5932463701812233,0.5854394371144205
fer2013_test|3,7178,0.4385934719608466,0.40981597980527074,0.4385934719608466,0.6322587306593955,0.6162561034101446,0.5555643105150543,0.5932463701812233,0.5854394371144205
fer2013_test|4,7178,0.4403469959641469,0.40981597980527074,0.4403469959641469,0.6322587306593955,0.6162561034101446,0.5555643105150543,0.5932463701812233,0.5854394371144205
kdef_source_test|0,441,0.7188208616780045,0.7913832199546483,0.7913832199546483,0.7165532879818594,0.6848072562358276,0.6598639455782312,0.6439909297052154,0.5328798185941043
kdef_source_test|1,441,0.727891156462585,0.7913832199546483,0.7913832199546483,0.7165532879818594,0.6848072562358276,0.6598639455782312,0.6439909297052154,0.5328798185941043
kdef_source_test|2,441,0.7165532879818594,0.7913832199546483,0.7913832199546483,0.7165532879818594,0.6848072562358276,0.6598639455782312,0.6439909297052154,0.5328798185941043
kdef_source_test|3,441,0.7210884353741498,0.7913832199546483,0.7913832199546483,0.7165532879818594,0.6848072562358276,0.6598639455782312,0.6439909297052154,0.5328798185941043
kdef_source_test|4,441,0.7369614512471656,0.7913832199546483,0.7913832199546483,0.7165532879818594,0.6848072562358276,0.6598639455782312,0.6439909297052154,0.5328798185941043
