cell,pfb,memory,best_family,T1,T3,GHead,T1_minus_G,T3_minus_G,T1_minus_best,T3_minus_best,G_minus_best
ckplus_prior|0|0,0.543322227571383,0.4703552035742043,0.543322227571383,0.6678756931645141,0.6184611841663349,0.5946732158319172,0.07320247733259688,0.023787968334417653,0.12455346559313107,0.07513895659495184,0.05135098826053419
ckplus_prior|0|1,0.543322227571383,0.4703552035742043,0.543322227571383,0.6678756931645141,0.6184611841663349,0.5946732158319172,0.07320247733259688,0.023787968334417653,0.12455346559313107,0.07513895659495184,0.05135098826053419
ckplus_prior|0|2,0.543322227571383,0.4703552035742043,0.543322227571383,0.6678756931645141,0.6184611841663349,0.5946732158319172,0.07320247733259688,0.023787968334417653,0.12455346559313107,0.07513895659495184,0.05135098826053419
ckplus_prior|0|3,0.543322227571383,0.4703552035742043,0.543322227571383,0.6678756931645141,0.6184611841663349,0.5946732158319172,0.07320247733259688,0.023787968334417653,0.12455346559313107,0.07513895659495184,0.05135098826053419
ckplus_prior|0|4,0.543322227571383,0.4703552035742043,0.543322227571383,0.6678756931645141,0.6184611841663349,0.5946732158319172,0.07320247733259688,0.023787968334417653,0.12455346559313107,0.07513895659495184,0.05135098826053419
ckplus_prior|10|0,0.5708571428571428,0.4451428571428572,0.5708571428571428,0.6628571428571428,0.6285714285714287,0.592,0.07085714285714284,0.0365714285714287,0.09199999999999997,0.05771428571428583,0.02114285714285713
ckplus_prior|10|1,0.5377142857142857,0.45485714285714296,0.5377142857142857,0.6674285714285714,0.6165714285714285,0.5954285714285714,0.07199999999999995,0.02114285714285713,0.12971428571428567,0.07885714285714285,0.05771428571428572
ckplus_prior|10|2,0.5462857142857143,0.4822857142857143,0.5462857142857143,0.648,0.6125714285714287,0.5857142857142856,0.06228571428571439,0.026857142857143024,0.10171428571428576,0.06628571428571439,0.03942857142857137
ckplus_prior|10|3,0.5514285714285714,0.4422857142857143,0.5514285714285714,0.6702857142857143,0.6085714285714285,0.5891428571428572,0.08114285714285707,0.01942857142857135,0.11885714285714288,0.05714285714285716,0.03771428571428581
ckplus_prior|10|4,0.5497142857142857,0.48914285714285716,0.5497142857142857,0.6594285714285715,0.6211428571428571,0.5891428571428572,0.07028571428571428,0.03199999999999992,0.10971428571428576,0.0714285714285714,0.03942857142857148
ckplus_prior|1|0,0.5771428571428572,0.42857142857142855,0.5771428571428572,0.6685714285714285,0.6285714285714287,0.5885714285714286,0.07999999999999985,0.040000000000000036,0.0914285714285713,0.05142857142857149,0.011428571428571455
ckplus_prior|1|1,0.5542857142857143,0.4685714285714286,0.5542857142857143,0.6571428571428571,0.6228571428571429,0.6,0.05714285714285716,0.02285714285714291,0.10285714285714287,0.06857142857142862,0.04571428571428571
ckplus_prior|1|2,0.5428571428571428,0.48571428571428577,0.5428571428571428,0.6571428571428573,0.6057142857142858,0.5885714285714286,0.06857142857142862,0.017142857142857126,0.11428571428571443,0.06285714285714294,0.04571428571428582
ckplus_prior|1|3,0.5485714285714286,0.45142857142857146,0.5485714285714286,0.6742857142857143,0.6,0.5885714285714286,0.08571428571428563,0.011428571428571344,0.12571428571428567,0.05142857142857138,0.040000000000000036
ckplus_prior|1|4,0.5428571428571428,0.49714285714285705,0.5428571428571428,0.6685714285714287,0.6228571428571429,0.5828571428571429,0.08571428571428585,0.040000000000000036,0.1257142857142859,0.08000000000000007,0.040000000000000036
ckplus_prior|2|0,0.58,0.4428571428571429,0.58,0.6714285714285715,0.6342857142857143,0.5942857142857143,0.07714285714285718,0.040000000000000036,0.09142857142857153,0.05428571428571438,0.014285714285714346
ckplus_prior|2|1,0.5342857142857143,0.4457142857142858,0.5342857142857143,0.6628571428571428,0.6085714285714285,0.5971428571428571,0.06571428571428573,0.011428571428571455,0.12857142857142856,0.07428571428571429,0.06285714285714283
ckplus_prior|2|2,0.5485714285714286,0.48571428571428577,0.5485714285714286,0.6428571428571429,0.6171428571428572,0.5885714285714286,0.05428571428571427,0.02857142857142858,0.0942857142857143,0.06857142857142862,0.040000000000000036
ckplus_prior|2|3,0.5457142857142857,0.43714285714285717,0.5457142857142857,0.6714285714285715,0.6028571428571429,0.5914285714285715,0.07999999999999996,0.011428571428571344,0.12571428571428578,0.05714285714285716,0.04571428571428582
ckplus_prior|2|4,0.5542857142857143,0.48,0.5542857142857143,0.6685714285714287,0.6171428571428572,0.5942857142857143,0.0742857142857144,0.02285714285714291,0.11428571428571443,0.06285714285714294,0.040000000000000036
ckplus_prior|5|0,0.5782857142857143,0.4491428571428572,0.5782857142857143,0.6617142857142857,0.6308571428571429,0.592,0.06971428571428573,0.03885714285714292,0.08342857142857141,0.0525714285714286,0.013714285714285679
ckplus_prior|5|1,0.5405714285714286,0.4582857142857143,0.5405714285714286,0.6708571428571428,0.6205714285714287,0.5954285714285714,0.0754285714285714,0.025142857142857244,0.13028571428571423,0.08000000000000007,0.05485714285714283
ckplus_prior|5|2,0.5474285714285714,0.47771428571428576,0.5474285714285714,0.648,0.6125714285714287,0.5862857142857143,0.06171428571428572,0.026285714285714357,0.10057142857142864,0.06514285714285728,0.03885714285714292
ckplus_prior|5|3,0.5497142857142857,0.44571428571428573,0.5497142857142857,0.6742857142857143,0.6102857142857143,0.5862857142857143,0.08799999999999997,0.02400000000000002,0.12457142857142856,0.06057142857142861,0.03657142857142859
ckplus_prior|5|4,0.5554285714285714,0.48,0.5554285714285714,0.6582857142857144,0.6171428571428572,0.592,0.06628571428571439,0.025142857142857244,0.10285714285714298,0.06171428571428583,0.03657142857142859
kdef_prior|0|0,0.5792711834136997,0.4261328397707532,0.5792711834136997,0.6927126459175555,0.6259964606367606,0.639948533112529,0.052764112805026575,-0.013952072475768351,0.1134414625038559,0.04672527722306097,0.06067734969882932
kdef_prior|0|1,0.5792711834136997,0.4261328397707532,0.5792711834136997,0.6927126459175555,0.6259964606367606,0.639948533112529,0.052764112805026575,-0.013952072475768351,0.1134414625038559,0.04672527722306097,0.06067734969882932
kdef_prior|0|2,0.5792711834136997,0.4261328397707532,0.5792711834136997,0.6927126459175555,0.6259964606367606,0.639948533112529,0.052764112805026575,-0.013952072475768351,0.1134414625038559,0.04672527722306097,0.06067734969882932
kdef_prior|0|3,0.5792711834136997,0.4261328397707532,0.5792711834136997,0.6927126459175555,0.6259964606367606,0.639948533112529,0.052764112805026575,-0.013952072475768351,0.1134414625038559,0.04672527722306097,0.06067734969882932
kdef_prior|0|4,0.5792711834136997,0.4261328397707532,0.5792711834136997,0.6927126459175555,0.6259964606367606,0.639948533112529,0.052764112805026575,-0.013952072475768351,0.1134414625038559,0.04672527722306097,0.06067734969882932
kdef_prior|10|0,0.5817617261701817,0.4260281200785804,0.5817617261701817,0.6921703765038235,0.6260346143230562,0.64032114038933,0.051849236114493547,-0.014286526066273786,0.11040865033364178,0.044272888152874446,0.05855941421914823
kdef_prior|10|1,0.5841467374539314,0.4260281200785804,0.5841467374539314,0.692852272173786,0.6256936664880749,0.6399801925543487,0.052872079619437296,-0.014286526066273786,0.10870553471985456,0.041546929034143476,0.05583345510041726
kdef_prior|10|2,0.5817633497313006,0.4263690679135616,0.5817633497313006,0.692852272173786,0.6260346143230562,0.6399801925543487,0.052872079619437296,-0.0139455782312925,0.11108892244248536,0.044271264591755566,0.058216842823048065
kdef_prior|10|3,0.582101050444044,0.42671001574854284,0.582101050444044,0.6925113243388049,0.6260346143230562,0.6399801925543487,0.05253113178445623,-0.0139455782312925,0.11041027389476088,0.04393356387901215,0.05787914211030465
kdef_prior|10|4,0.5814207783352004,0.4263690679135616,0.5814207783352004,0.6925113243388049,0.6260346143230562,0.6399801925543487,0.05253113178445623,-0.0139455782312925,0.11109054600360446,0.04461383598785573,0.05855941421914823
kdef_prior|1|0,0.5813160586430277,0.4258438458915786,0.5813160586430277,0.6921241050119332,0.625980225025571,0.6403000340947835,0.05182407091714969,-0.014319809069212486,0.11080804636890551,0.044664166382543335,0.05898397545175582
kdef_prior|1|1,0.5837026934878964,0.4258438458915786,0.5837026934878964,0.6928060006818957,0.6256392771905899,0.6399590862598022,0.05284691442209344,-0.014319809069212375,0.1091033071939993,0.041936583702693486,0.05625639277190586
kdef_prior|1|2,0.5830207978179338,0.4261847937265598,0.5830207978179338,0.6928060006818957,0.625980225025571,0.6399590862598022,0.05284691442209344,-0.013978861234231199,0.10978520286396187,0.042959427207637235,0.056938288441868434
kdef_prior|1|3,0.5823389021479713,0.42652574156154105,0.5823389021479713,0.6924650528469145,0.6263211728605523,0.6399590862598022,0.05250596658711226,-0.013637913399249912,0.11012615069894316,0.043982270712580984,0.0576201841118309
kdef_prior|1|4,0.5816570064780089,0.4261847937265598,0.5816570064780089,0.6924650528469145,0.625980225025571,0.6399590862598022,0.05250596658711226,-0.013978861234231199,0.11080804636890562,0.04432321854756216,0.05830207978179336
kdef_prior|2|0,0.5817617261701817,0.4260281200785804,0.5817617261701817,0.6921703765038235,0.6260346143230562,0.64032114038933,0.051849236114493547,-0.014286526066273786,0.11040865033364178,0.044272888152874446,0.05855941421914823
kdef_prior|2|1,0.5841467374539314,0.4260281200785804,0.5841467374539314,0.692852272173786,0.6256936664880749,0.6399801925543487,0.052872079619437296,-0.014286526066273786,0.10870553471985456,0.041546929034143476,0.05583345510041726
kdef_prior|2|2,0.5817633497313006,0.4263690679135616,0.5817633497313006,0.692852272173786,0.6260346143230562,0.6399801925543487,0.052872079619437296,-0.0139455782312925,0.11108892244248536,0.044271264591755566,0.058216842823048065
kdef_prior|2|3,0.582101050444044,0.42671001574854284,0.582101050444044,0.6925113243388049,0.6260346143230562,0.6399801925543487,0.05253113178445623,-0.0139455782312925,0.11041027389476088,0.04393356387901215,0.05787914211030465
kdef_prior|2|4,0.5814207783352004,0.4263690679135616,0.5814207783352004,0.6925113243388049,0.6260346143230562,0.6399801925543487,0.05253113178445623,-0.0139455782312925,0.11109054600360446,0.04461383598785573,0.05855941421914823
kdef_prior|5|0,0.5817617261701817,0.4260281200785804,0.5817617261701817,0.6921703765038235,0.6260346143230562,0.64032114038933,0.051849236114493547,-0.014286526066273786,0.11040865033364178,0.044272888152874446,0.05855941421914823
kdef_prior|5|1,0.5841467374539314,0.4260281200785804,0.5841467374539314,0.692852272173786,0.6256936664880749,0.6399801925543487,0.052872079619437296,-0.014286526066273786,0.10870553471985456,0.041546929034143476,0.05583345510041726
kdef_prior|5|2,0.5817633497313006,0.4263690679135616,0.5817633497313006,0.692852272173786,0.6260346143230562,0.6399801925543487,0.052872079619437296,-0.0139455782312925,0.11108892244248536,0.044271264591755566,0.058216842823048065
kdef_prior|5|3,0.582101050444044,0.42671001574854284,0.582101050444044,0.6925113243388049,0.6260346143230562,0.6399801925543487,0.05253113178445623,-0.0139455782312925,0.11041027389476088,0.04393356387901215,0.05787914211030465
kdef_prior|5|4,0.5814207783352004,0.4263690679135616,0.5814207783352004,0.6925113243388049,0.6260346143230562,0.6399801925543487,0.05253113178445623,-0.0139455782312925,0.11109054600360446,0.04461383598785573,0.05855941421914823
