cell,target,seed,n,pfb,memory,best_family,T1,T2,T3,T4,GHead,T3_ferref,T1_minus_best,T1_minus_G,T3_minus_best,T3_minus_G,T2_minus_best,T4_minus_best,G_minus_best
ckplus_test|0,ckplus_test,0,902,0.525314696772808,0.49141519056615585,0.525314696772808,0.6678756931645141,0.6535820328786032,0.5042262563002811,0.6792931160810884,0.5946732158319172,0.6184611841663349,0.14256099639170616,0.07320247733259688,-0.021088440472526893,-0.09044695953163617,0.12826733610579522,0.1539784193082805,0.06935851905910928
ckplus_test|1,ckplus_test,1,902,0.5175605005051853,0.49141519056615585,0.5175605005051853,0.6678756931645141,0.6535820328786032,0.5042262563002811,0.6792931160810884,0.5946732158319172,0.6184611841663349,0.1503151926593288,0.07320247733259688,-0.013334244204904255,-0.09044695953163617,0.13602153237341785,0.16173261557590313,0.07711271532673192
ckplus_test|2,ckplus_test,2,902,0.5247713193602113,0.49141519056615585,0.5247713193602113,0.6678756931645141,0.6535820328786032,0.5042262563002811,0.6792931160810884,0.5946732158319172,0.6184611841663349,0.14310437380430285,0.07320247733259688,-0.020545063059930202,-0.09044695953163617,0.1288107135183919,0.15452179672087718,0.06990189647170597
ckplus_test|3,ckplus_test,3,902,0.5194634754920789,0.49141519056615585,0.5194634754920789,0.6678756931645141,0.6535820328786032,0.5042262563002811,0.6792931160810884,0.5946732158319172,0.6184611841663349,0.14841221767243518,0.07320247733259688,-0.01523721919179788,-0.09044695953163617,0.13411855738652423,0.1598296405890095,0.0752097403398383
ckplus_test|4,ckplus_test,4,902,0.5304638031661729,0.49141519056615585,0.5304638031661729,0.6678756931645141,0.6535820328786032,0.5042262563002811,0.6792931160810884,0.5946732158319172,0.6184611841663349,0.1374118899983412,0.07320247733259688,-0.02623754686589186,-0.09044695953163617,0.12311822971243025,0.14882931291491552,0.06420941266574431
fer2013_test|0,fer2013_test,0,7178,0.4379843722801694,0.40981597980527074,0.4379843722801694,0.6322587306593955,0.6536232130758002,0.5202841557476068,0.6335414740325794,0.6082864569034772,0.5792324277854483,0.19427435837922613,0.023972273755918372,0.08229978346743738,-0.08800230115587038,0.21563884079563078,0.19555710175241003,0.17030208462330776
fer2013_test|1,fer2013_test,1,7178,0.4387488093199511,0.40981597980527074,0.4387488093199511,0.6322587306593955,0.6536232130758002,0.5202841557476068,0.6335414740325794,0.6082864569034772,0.5792324277854483,0.19350992133944445,0.023972273755918372,0.0815353464276557,-0.08800230115587038,0.2148744037558491,0.19479266471262835,0.16953764758352607
fer2013_test|2,fer2013_test,2,7178,0.4379473322705107,0.40981597980527074,0.4379473322705107,0.6322587306593955,0.6536232130758002,0.5202841557476068,0.6335414740325794,0.6082864569034772,0.5792324277854483,0.19431139838888484,0.023972273755918372,0.08233682347709609,-0.08800230115587038,0.2156758808052895,0.19559414176206874,0.17033912463296647
fer2013_test|3,fer2013_test,3,7178,0.4385934719608466,0.40981597980527074,0.4385934719608466,0.6322587306593955,0.6536232130758002,0.5202841557476068,0.6335414740325794,0.6082864569034772,0.5792324277854483,0.19366525869854895,0.023972273755918372,0.0816906837867602,-0.08800230115587038,0.2150297411149536,0.19494800207173285,0.16969298494263058
fer2013_test|4,fer2013_test,4,7178,0.4403469959641469,0.40981597980527074,0.4403469959641469,0.6322587306593955,0.6536232130758002,0.5202841557476068,0.6335414740325794,0.6082864569034772,0.5792324277854483,0.19191173469524864,0.023972273755918372,0.07993715978345989,-0.08800230115587038,0.2132762171116533,0.19319447806843254,0.16793946093933027
kdef_source_test|0,kdef_source_test,0,441,0.7188208616780045,0.7913832199546483,0.7913832199546483,0.7165532879818594,0.603174603174603,0.5578231292517006,0.5124716553287981,0.6575963718820861,0.6326530612244898,-0.07482993197278898,0.05895691609977327,-0.2335600907029477,-0.09977324263038545,-0.1882086167800453,-0.2789115646258502,-0.13378684807256225
kdef_source_test|1,kdef_source_test,1,441,0.727891156462585,0.7913832199546483,0.7913832199546483,0.7165532879818594,0.603174603174603,0.5578231292517006,0.5124716553287981,0.6575963718820861,0.6326530612244898,-0.07482993197278898,0.05895691609977327,-0.2335600907029477,-0.09977324263038545,-0.1882086167800453,-0.2789115646258502,-0.13378684807256225
kdef_source_test|2,kdef_source_test,2,441,0.7165532879818594,0.7913832199546483,0.7913832199546483,0.7165532879818594,0.603174603174603,0.5578231292517006,0.5124716553287981,0.6575963718820861,0.6326530612244898,-0.07482993197278898,0.05895691609977327,-0.2335600907029477,-0.09977324263038545,-0.1882086167800453,-0.2789115646258502,-0.13378684807256225
kdef_source_test|3,kdef_source_test,3,441,0.7210884353741498,0.7913832199546483,0.7913832199546483,0.7165532879818594,0.603174603174603,0.5578231292517006,0.5124716553287981,0.6575963718820861,0.6326530612244898,-0.07482993197278898,0.05895691609977327,-0.2335600907029477,-0.09977324263038545,-0.1882086167800453,-0.2789115646258502,-0.13378684807256225
kdef_source_test|4,kdef_source_test,4,441,0.7369614512471656,0.7913832199546483,0.7913832199546483,0.7165532879818594,0.603174603174603,0.5578231292517006,0.5124716553287981,0.6575963718820861,0.6326530612244898,-0.07482993197278898,0.05895691609977327,-0.2335600907029477,-0.09977324263038545,-0.1882086167800453,-0.2789115646258502,-0.13378684807256225
