set,pair,mean,ci_lo,ci_hi
A,TAP_minus_best_family,0.09030210967987412,0.08379151836534075,0.09656644411027585
A,TAP_minus_GHead,-0.011017469352152084,-0.018224388413484283,-0.0037613290031709387
A,TAP_minus_CLIPAdapter,-0.019610401115181624,-0.02586712050587964,-0.0131350463724246
A,GHead_minus_best_family,0.10131957903202621,0.09548502303656281,0.10734853280590086
A,GHead_minus_TAP,0.011017469352152084,0.0037613290031709296,0.018224388413484283
A,GHead_minus_CLIPAdapter,-0.008592931763029539,-0.013591682016996865,-0.003516027577519806
A,CLIPAdapter_minus_best_family,0.10991251079505576,0.10446534058841328,0.11524380737997028
A,CLIPAdapter_minus_TAP,0.019610401115181624,0.013135046372424599,0.025867120505879634
A,CLIPAdapter_minus_GHead,0.008592931763029539,0.0035160275775198034,0.01359168201699686
B,TAP_minus_best_family,0.06184451967715092,0.050944455135143035,0.07259314668878115
B,TAP_minus_GHead,-0.0006695547542271484,-0.01082182143541259,0.009152730284542053
B,TAP_minus_CLIPAdapter,-0.01374053116762547,-0.02378572593948742,-0.0039280771881707146
B,GHead_minus_best_family,0.06251407443137807,0.052523099087373216,0.07279202804980134
B,GHead_minus_TAP,0.0006695547542271484,-0.009152730284542058,0.010821821435412583
B,GHead_minus_CLIPAdapter,-0.013070976413398324,-0.01979891437251716,-0.006203973929295421
B,CLIPAdapter_minus_best_family,0.07558505084477639,0.06631906999798853,0.08512042477306253
B,CLIPAdapter_minus_TAP,0.01374053116762547,0.003928077188170712,0.02378572593948742
B,CLIPAdapter_minus_GHead,0.013070976413398324,0.006203973929295415,0.019798914372517126
