cell,n,pfb,memory,best_family,TAP,GHead,CLIPAdapter
ckplus_prior|0|0,902,0.6931849207665594,0.68122913284014,0.6931849207665594,0.7305462672105786,0.8333326730563181,0.8140202760383651
ckplus_prior|0|1,902,0.6931849207665594,0.68122913284014,0.6931849207665594,0.7305462672105786,0.8333326730563181,0.8140202760383651
ckplus_prior|0|2,902,0.6931849207665594,0.68122913284014,0.6931849207665594,0.7305462672105786,0.8333326730563181,0.8140202760383651
ckplus_prior|0|3,902,0.6931849207665594,0.68122913284014,0.6931849207665594,0.7305462672105786,0.8333326730563181,0.8140202760383651
ckplus_prior|0|4,902,0.6931849207665594,0.68122913284014,0.6931849207665594,0.7305462672105786,0.8333326730563181,0.8140202760383651
ckplus_prior|10|0,400,0.7137142857142857,0.6805714285714286,0.7137142857142857,0.7365714285714287,0.8274285714285714,0.814857142857143
ckplus_prior|10|1,400,0.6948571428571428,0.6857142857142857,0.6948571428571428,0.7302857142857143,0.8348571428571429,0.809142857142857
ckplus_prior|10|2,400,0.6982857142857143,0.6971428571428572,0.6982857142857143,0.7422857142857143,0.8188571428571428,0.8114285714285714
ckplus_prior|10|3,400,0.6902857142857143,0.690857142857143,0.690857142857143,0.7291428571428572,0.8211428571428572,0.7994285714285715
ckplus_prior|10|4,400,0.7062857142857143,0.6502857142857142,0.7062857142857143,0.7274285714285715,0.8354285714285714,0.8051428571428573
ckplus_prior|1|0,175,0.7314285714285714,0.6685714285714285,0.7314285714285714,0.7428571428571429,0.8171428571428571,0.8057142857142858
ckplus_prior|1|1,175,0.72,0.6857142857142857,0.72,0.7371428571428572,0.8457142857142858,0.8228571428571428
ckplus_prior|1|2,175,0.7028571428571428,0.6742857142857144,0.7028571428571428,0.7542857142857143,0.8285714285714285,0.8114285714285714
ckplus_prior|1|3,175,0.6971428571428572,0.6971428571428572,0.6971428571428572,0.7314285714285714,0.8114285714285714,0.7885714285714285
ckplus_prior|1|4,175,0.7085714285714285,0.6628571428571428,0.7085714285714285,0.72,0.8171428571428571,0.8
ckplus_prior|2|0,200,0.722857142857143,0.6828571428571429,0.722857142857143,0.7400000000000001,0.8371428571428572,0.8114285714285715
ckplus_prior|2|1,200,0.7028571428571428,0.6799999999999999,0.7028571428571428,0.7285714285714286,0.8257142857142857,0.8057142857142857
ckplus_prior|2|2,200,0.7000000000000001,0.6799999999999999,0.7000000000000001,0.7285714285714286,0.8085714285714286,0.7999999999999999
ckplus_prior|2|3,200,0.6971428571428572,0.6828571428571429,0.6971428571428572,0.7342857142857143,0.8171428571428571,0.7857142857142857
ckplus_prior|2|4,200,0.7257142857142858,0.6514285714285715,0.7257142857142858,0.7342857142857143,0.8457142857142858,0.802857142857143
ckplus_prior|5|0,275,0.7188571428571429,0.6902857142857143,0.7188571428571429,0.7371428571428572,0.8228571428571428,0.8102857142857144
ckplus_prior|5|1,275,0.6937142857142857,0.6902857142857143,0.6937142857142857,0.7302857142857143,0.8274285714285714,0.8114285714285714
ckplus_prior|5|2,275,0.7062857142857143,0.6937142857142857,0.7062857142857143,0.7462857142857143,0.8148571428571428,0.8034285714285714
ckplus_prior|5|3,275,0.6948571428571428,0.6868571428571428,0.6948571428571428,0.7211428571428572,0.8125714285714285,0.7999999999999999
ckplus_prior|5|4,275,0.7154285714285714,0.6594285714285714,0.7154285714285714,0.7291428571428572,0.8365714285714285,0.8057142857142858
kdef_prior|0|0,2938,0.6215633270014449,0.5902513272612148,0.6215633270014449,0.7808298020878996,0.7090935658272856,0.7461781371259721
kdef_prior|0|1,2938,0.6215633270014449,0.5902513272612148,0.6215633270014449,0.7808298020878996,0.7090935658272856,0.7461781371259721
kdef_prior|0|2,2938,0.6215633270014449,0.5902513272612148,0.6215633270014449,0.7808298020878996,0.7090935658272856,0.7461781371259721
kdef_prior|0|3,2938,0.6215633270014449,0.5902513272612148,0.6215633270014449,0.7808298020878996,0.7090935658272856,0.7461781371259721
kdef_prior|0|4,2938,0.6215633270014449,0.5902513272612148,0.6215633270014449,0.7808298020878996,0.7090935658272856,0.7461781371259721
kdef_prior|10|0,2934,0.6229936843472473,0.5900654295130939,0.6229936843472473,0.7807940837432826,0.7092680986475736,0.74641517704934
kdef_prior|10|1,2934,0.6243590992482912,0.5900654295130939,0.6243590992482912,0.7804531359083012,0.7092680986475736,0.74641517704934
kdef_prior|10|2,2934,0.6250353124543373,0.5907473251830565,0.6250353124543373,0.7807940837432826,0.7096090464825549,0.74641517704934
kdef_prior|10|3,2934,0.6246976117415939,0.5900654295130939,0.6246976117415939,0.7804531359083012,0.7089271508125924,0.7460742292143587
kdef_prior|10|4,2934,0.6229928725666879,0.5904063773480752,0.6229928725666879,0.7807940837432826,0.7092680986475736,0.74641517704934
kdef_prior|1|0,2933,0.6232526423457212,0.5898397545175589,0.6232526423457212,0.7807705421070577,0.7095124445959768,0.7463348107739515
kdef_prior|1|1,2933,0.6239345380156837,0.59018070235254,0.6239345380156837,0.7804295942720764,0.7091714967609956,0.7463348107739515
kdef_prior|1|2,2933,0.6239345380156835,0.5905216501875213,0.6239345380156835,0.7811114899420389,0.7095124445959768,0.7463348107739515
kdef_prior|1|3,2933,0.6252983293556086,0.59018070235254,0.6252983293556086,0.7804295942720764,0.7088305489260144,0.7459938629389703
kdef_prior|1|4,2933,0.6225707466757585,0.5905216501875213,0.6225707466757585,0.7807705421070577,0.7091714967609956,0.7463348107739515
kdef_prior|2|0,2934,0.6229936843472473,0.5900654295130939,0.6229936843472473,0.7807940837432826,0.7092680986475736,0.74641517704934
kdef_prior|2|1,2934,0.6243590992482912,0.5900654295130939,0.6243590992482912,0.7804531359083012,0.7092680986475736,0.74641517704934
kdef_prior|2|2,2934,0.6250353124543373,0.5907473251830565,0.6250353124543373,0.7807940837432826,0.7096090464825549,0.74641517704934
kdef_prior|2|3,2934,0.6246976117415939,0.5900654295130939,0.6246976117415939,0.7804531359083012,0.7089271508125924,0.7460742292143587
kdef_prior|2|4,2934,0.6229928725666879,0.5904063773480752,0.6229928725666879,0.7807940837432826,0.7092680986475736,0.74641517704934
kdef_prior|5|0,2934,0.6229936843472473,0.5900654295130939,0.6229936843472473,0.7807940837432826,0.7092680986475736,0.74641517704934
kdef_prior|5|1,2934,0.6243590992482912,0.5900654295130939,0.6243590992482912,0.7804531359083012,0.7092680986475736,0.74641517704934
kdef_prior|5|2,2934,0.6250353124543373,0.5907473251830565,0.6250353124543373,0.7807940837432826,0.7096090464825549,0.74641517704934
kdef_prior|5|3,2934,0.6246976117415939,0.5900654295130939,0.6246976117415939,0.7804531359083012,0.7089271508125924,0.7460742292143587
kdef_prior|5|4,2934,0.6229928725666879,0.5904063773480752,0.6229928725666879,0.7807940837432826,0.7092680986475736,0.74641517704934
