encoder,seed,aligned2v_TAP,single_TAP,CLIPAdapter,GHead,aligned_minus_CA,aligned_minus_GH,single_minus_CA
B16,5,0.458037,0.467965,0.441281,0.452345,0.016756,0.005693,0.026684
B16,6,0.452449,0.43275,0.444079,0.462676,0.00837,-0.010227,-0.011329
B16,7,0.466205,0.450537,0.460377,0.442388,0.005828,0.023817,-0.00984
B16,8,0.459984,0.437201,0.451124,0.442792,0.008859,0.017191,-0.013923
B16,9,0.480526,0.482791,0.46297,0.458045,0.017556,0.02248,0.019821
B16,10,0.461438,0.449062,0.439666,0.424065,0.021772,0.037373,0.009396
B16,11,0.469498,0.454979,0.467853,0.466171,0.001645,0.003328,-0.012875
B16,12,0.45346,0.442038,0.451767,0.451112,0.001693,0.002348,-0.009729
B16,13,0.463899,0.439931,0.437733,0.446646,0.026166,0.017253,0.002198
B16,14,0.470872,0.45155,0.455502,0.45198,0.01537,0.018892,-0.003952
