cell,pfb,memory,best_family,T1,T2,T3,T4,T1_minus_best,T2_minus_best,T3_minus_best,T4_minus_best
ckplus_prior|0|0,0.543322227571383,0.4703552035742043,0.543322227571383,0.6678756931645141,0.6535820328786032,0.6184611841663349,0.6792931160810884,0.12455346559313107,0.11025980530722013,0.07513895659495184,0.1359708885097054
ckplus_prior|0|1,0.543322227571383,0.4703552035742043,0.543322227571383,0.6678756931645141,0.6535820328786032,0.6184611841663349,0.6792931160810884,0.12455346559313107,0.11025980530722013,0.07513895659495184,0.1359708885097054
ckplus_prior|0|2,0.543322227571383,0.4703552035742043,0.543322227571383,0.6678756931645141,0.6535820328786032,0.6184611841663349,0.6792931160810884,0.12455346559313107,0.11025980530722013,0.07513895659495184,0.1359708885097054
ckplus_prior|0|3,0.543322227571383,0.4703552035742043,0.543322227571383,0.6678756931645141,0.6535820328786032,0.6184611841663349,0.6792931160810884,0.12455346559313107,0.11025980530722013,0.07513895659495184,0.1359708885097054
ckplus_prior|0|4,0.543322227571383,0.4703552035742043,0.543322227571383,0.6678756931645141,0.6535820328786032,0.6184611841663349,0.6792931160810884,0.12455346559313107,0.11025980530722013,0.07513895659495184,0.1359708885097054
ckplus_prior|10|0,0.5708571428571428,0.4451428571428572,0.5708571428571428,0.6628571428571428,0.6508571428571429,0.6285714285714287,0.6948571428571428,0.09199999999999997,0.08000000000000007,0.05771428571428583,0.124
ckplus_prior|10|1,0.5377142857142857,0.45485714285714296,0.5377142857142857,0.6674285714285714,0.6428571428571429,0.6165714285714285,0.6845714285714285,0.12971428571428567,0.1051428571428572,0.07885714285714285,0.1468571428571428
ckplus_prior|10|2,0.5462857142857143,0.4822857142857143,0.5462857142857143,0.648,0.652,0.6125714285714287,0.6531428571428571,0.10171428571428576,0.10571428571428576,0.06628571428571439,0.10685714285714287
ckplus_prior|10|3,0.5514285714285714,0.4422857142857143,0.5514285714285714,0.6702857142857143,0.6582857142857144,0.6085714285714285,0.7034285714285715,0.11885714285714288,0.10685714285714298,0.05714285714285716,0.15200000000000014
ckplus_prior|10|4,0.5497142857142857,0.48914285714285716,0.5497142857142857,0.6594285714285715,0.6497142857142857,0.6211428571428571,0.6742857142857144,0.10971428571428576,0.09999999999999998,0.0714285714285714,0.12457142857142867
ckplus_prior|1|0,0.5771428571428572,0.42857142857142855,0.5771428571428572,0.6685714285714285,0.6628571428571429,0.6285714285714287,0.7085714285714285,0.0914285714285713,0.08571428571428574,0.05142857142857149,0.13142857142857134
ckplus_prior|1|1,0.5542857142857143,0.4685714285714286,0.5542857142857143,0.6571428571428571,0.6514285714285715,0.6228571428571429,0.6742857142857143,0.10285714285714287,0.0971428571428572,0.06857142857142862,0.12
ckplus_prior|1|2,0.5428571428571428,0.48571428571428577,0.5428571428571428,0.6571428571428573,0.6628571428571429,0.6057142857142858,0.6742857142857143,0.11428571428571443,0.1200000000000001,0.06285714285714294,0.13142857142857145
ckplus_prior|1|3,0.5485714285714286,0.45142857142857146,0.5485714285714286,0.6742857142857143,0.6571428571428573,0.6,0.6971428571428572,0.12571428571428567,0.10857142857142865,0.05142857142857138,0.14857142857142858
ckplus_prior|1|4,0.5428571428571428,0.49714285714285705,0.5428571428571428,0.6685714285714287,0.6285714285714287,0.6228571428571429,0.6685714285714287,0.1257142857142859,0.08571428571428585,0.08000000000000007,0.1257142857142859
ckplus_prior|2|0,0.58,0.4428571428571429,0.58,0.6714285714285715,0.6542857142857142,0.6342857142857143,0.7114285714285715,0.09142857142857153,0.07428571428571429,0.05428571428571438,0.13142857142857156
ckplus_prior|2|1,0.5342857142857143,0.4457142857142858,0.5342857142857143,0.6628571428571428,0.6428571428571429,0.6085714285714285,0.6914285714285714,0.12857142857142856,0.10857142857142865,0.07428571428571429,0.15714285714285714
ckplus_prior|2|2,0.5485714285714286,0.48571428571428577,0.5485714285714286,0.6428571428571429,0.6514285714285715,0.6171428571428572,0.6428571428571429,0.0942857142857143,0.10285714285714287,0.06857142857142862,0.0942857142857143
ckplus_prior|2|3,0.5457142857142857,0.43714285714285717,0.5457142857142857,0.6714285714285715,0.66,0.6028571428571429,0.6885714285714286,0.12571428571428578,0.11428571428571432,0.05714285714285716,0.1428571428571429
ckplus_prior|2|4,0.5542857142857143,0.48,0.5542857142857143,0.6685714285714287,0.6514285714285715,0.6171428571428572,0.6942857142857143,0.11428571428571443,0.0971428571428572,0.06285714285714294,0.14
ckplus_prior|5|0,0.5782857142857143,0.4491428571428572,0.5782857142857143,0.6617142857142857,0.6502857142857144,0.6308571428571429,0.6982857142857143,0.08342857142857141,0.07200000000000006,0.0525714285714286,0.12
ckplus_prior|5|1,0.5405714285714286,0.4582857142857143,0.5405714285714286,0.6708571428571428,0.64,0.6205714285714287,0.6937142857142857,0.13028571428571423,0.09942857142857142,0.08000000000000007,0.15314285714285714
ckplus_prior|5|2,0.5474285714285714,0.47771428571428576,0.5474285714285714,0.648,0.6594285714285715,0.6125714285714287,0.6537142857142857,0.10057142857142864,0.1120000000000001,0.06514285714285728,0.10628571428571432
ckplus_prior|5|3,0.5497142857142857,0.44571428571428573,0.5497142857142857,0.6742857142857143,0.656,0.6102857142857143,0.6971428571428572,0.12457142857142856,0.10628571428571432,0.06057142857142861,0.14742857142857146
ckplus_prior|5|4,0.5554285714285714,0.48,0.5554285714285714,0.6582857142857144,0.6422857142857143,0.6171428571428572,0.6685714285714287,0.10285714285714298,0.08685714285714297,0.06171428571428583,0.11314285714285732
kdef_prior|0|0,0.5792711834136997,0.4261328397707532,0.5792711834136997,0.6927126459175555,0.5167356680142224,0.6259964606367606,0.5082631143149383,0.1134414625038559,-0.06253551539947722,0.04672527722306097,-0.07100806909876134
kdef_prior|0|1,0.5792711834136997,0.4261328397707532,0.5792711834136997,0.6927126459175555,0.5167356680142224,0.6259964606367606,0.5082631143149383,0.1134414625038559,-0.06253551539947722,0.04672527722306097,-0.07100806909876134
kdef_prior|0|2,0.5792711834136997,0.4261328397707532,0.5792711834136997,0.6927126459175555,0.5167356680142224,0.6259964606367606,0.5082631143149383,0.1134414625038559,-0.06253551539947722,0.04672527722306097,-0.07100806909876134
kdef_prior|0|3,0.5792711834136997,0.4261328397707532,0.5792711834136997,0.6927126459175555,0.5167356680142224,0.6259964606367606,0.5082631143149383,0.1134414625038559,-0.06253551539947722,0.04672527722306097,-0.07100806909876134
kdef_prior|0|4,0.5792711834136997,0.4261328397707532,0.5792711834136997,0.6927126459175555,0.5167356680142224,0.6259964606367606,0.5082631143149383,0.1134414625038559,-0.06253551539947722,0.04672527722306097,-0.07100806909876134
kdef_prior|10|0,0.5817617261701817,0.4260281200785804,0.5817617261701817,0.6921703765038235,0.5166268894192522,0.6260346143230562,0.5085245076550907,0.11040865033364178,-0.06513483675092957,0.044272888152874446,-0.07323721851509102
kdef_prior|10|1,0.5841467374539314,0.4260281200785804,0.5841467374539314,0.692852272173786,0.5166268894192522,0.6256936664880749,0.5081835598201093,0.10870553471985456,-0.06751984803467925,0.041546929034143476,-0.0759631776338221
kdef_prior|10|2,0.5817633497313006,0.4263690679135616,0.5817633497313006,0.692852272173786,0.5166268894192522,0.6260346143230562,0.5081835598201093,0.11108892244248536,-0.06513646031204845,0.044271264591755566,-0.0735797899111913
kdef_prior|10|3,0.582101050444044,0.42671001574854284,0.582101050444044,0.6925113243388049,0.5166268894192522,0.6260346143230562,0.5081835598201093,0.11041027389476088,-0.06547416102479187,0.04393356387901215,-0.07391749062393471
kdef_prior|10|4,0.5814207783352004,0.4263690679135616,0.5814207783352004,0.6925113243388049,0.5166268894192522,0.6260346143230562,0.5081835598201093,0.11109054600360446,-0.06479388891594828,0.04461383598785573,-0.07323721851509113
kdef_prior|1|0,0.5813160586430277,0.4258438458915786,0.5813160586430277,0.6921241050119332,0.5168769178315717,0.625980225025571,0.5086941697920219,0.11080804636890551,-0.06443914081145596,0.044664166382543335,-0.07262188885100584
kdef_prior|1|1,0.5837026934878964,0.4258438458915786,0.5837026934878964,0.6928060006818957,0.5165359699965906,0.6256392771905899,0.5080122741220593,0.1091033071939993,-0.06716672349130581,0.041936583702693486,-0.07569041936583709
kdef_prior|1|2,0.5830207978179338,0.4261847937265598,0.5830207978179338,0.6928060006818957,0.5165359699965906,0.625980225025571,0.5080122741220593,0.10978520286396187,-0.06648482782134324,0.042959427207637235,-0.07500852369587452
kdef_prior|1|3,0.5823389021479713,0.42652574156154105,0.5823389021479713,0.6924650528469145,0.5168769178315717,0.6263211728605523,0.5083532219570405,0.11012615069894316,-0.0654619843163996,0.043982270712580984,-0.07398568019093088
kdef_prior|1|4,0.5816570064780089,0.4261847937265598,0.5816570064780089,0.6924650528469145,0.5165359699965906,0.625980225025571,0.5080122741220593,0.11080804636890562,-0.06512103648141832,0.04432321854756216,-0.0736447323559496
kdef_prior|2|0,0.5817617261701817,0.4260281200785804,0.5817617261701817,0.6921703765038235,0.5166268894192522,0.6260346143230562,0.5085245076550907,0.11040865033364178,-0.06513483675092957,0.044272888152874446,-0.07323721851509102
kdef_prior|2|1,0.5841467374539314,0.4260281200785804,0.5841467374539314,0.692852272173786,0.5166268894192522,0.6256936664880749,0.5081835598201093,0.10870553471985456,-0.06751984803467925,0.041546929034143476,-0.0759631776338221
kdef_prior|2|2,0.5817633497313006,0.4263690679135616,0.5817633497313006,0.692852272173786,0.5166268894192522,0.6260346143230562,0.5081835598201093,0.11108892244248536,-0.06513646031204845,0.044271264591755566,-0.0735797899111913
kdef_prior|2|3,0.582101050444044,0.42671001574854284,0.582101050444044,0.6925113243388049,0.5166268894192522,0.6260346143230562,0.5081835598201093,0.11041027389476088,-0.06547416102479187,0.04393356387901215,-0.07391749062393471
kdef_prior|2|4,0.5814207783352004,0.4263690679135616,0.5814207783352004,0.6925113243388049,0.5166268894192522,0.6260346143230562,0.5081835598201093,0.11109054600360446,-0.06479388891594828,0.04461383598785573,-0.07323721851509113
kdef_prior|5|0,0.5817617261701817,0.4260281200785804,0.5817617261701817,0.6921703765038235,0.5166268894192522,0.6260346143230562,0.5085245076550907,0.11040865033364178,-0.06513483675092957,0.044272888152874446,-0.07323721851509102
kdef_prior|5|1,0.5841467374539314,0.4260281200785804,0.5841467374539314,0.692852272173786,0.5166268894192522,0.6256936664880749,0.5081835598201093,0.10870553471985456,-0.06751984803467925,0.041546929034143476,-0.0759631776338221
kdef_prior|5|2,0.5817633497313006,0.4263690679135616,0.5817633497313006,0.692852272173786,0.5166268894192522,0.6260346143230562,0.5081835598201093,0.11108892244248536,-0.06513646031204845,0.044271264591755566,-0.0735797899111913
kdef_prior|5|3,0.582101050444044,0.42671001574854284,0.582101050444044,0.6925113243388049,0.5166268894192522,0.6260346143230562,0.5081835598201093,0.11041027389476088,-0.06547416102479187,0.04393356387901215,-0.07391749062393471
kdef_prior|5|4,0.5814207783352004,0.4263690679135616,0.5814207783352004,0.6925113243388049,0.5166268894192522,0.6260346143230562,0.5081835598201093,0.11109054600360446,-0.06479388891594828,0.04461383598785573,-0.07323721851509113
